N,lista_ns,avl_ns,hash_ns
1000,1393.24,7.4704,1.7429
5000,5318.4,11.98,4.33725
10000,7063.8,17.3839,1.8271
50000,85943,23.7092,2.30615
100000,261732,27.8051,0.7098
