N,lista_ns,avl_ns,hash_ns
1000,666.867,8.548,2.22765
5000,4519.1,11.4028,2.0022
10000,10760.1,14.7959,2.07875
50000,91774.8,20.0165,2.0015
100000,217353,25.8126,2.61985
